Chick,Diet,Time,Weight
1,1,0,35.1027431
2,1,0,39.5419558
3,1,0,33.840059
4,1,0,40.29761089
5,1,0,37.7201019
6,1,0,37.86600509
7,1,0,37.60625365
8,1,0,37.49845801
9,1,0,40.78345367
10,1,0,35.87526821
11,1,0,39.41137751
12,1,0,39.53957838
13,1,0,33.8495024
14,1,0,34.56780127
15,1,0,37.64159541
16,1,0,40.22484183
17,1,0,37.61165352
18,1,0,37.89075455
19,1,0,39.6425006
20,1,0,35.42194509
21,1,0,35.19771465
22,1,0,40.74841913
23,1,0,35.28878543
24,1,0,35.85372215
25,1,0,37.40848788
26,1,0,39.12289355
27,1,0,38.42429899
28,1,0,36.40755369
29,1,0,36.85206369
30,1,0,41.5700269
31,1,0,37.74193297
32,1,0,38.72110874
33,1,0,39.7243732
34,1,0,37.83219708
35,1,0,36.75385974
36,1,0,38.10595615
37,1,0,38.96482801
38,1,0,38.61014237
39,1,0,38.74594641
40,1,0,36.40941148
41,1,0,38.13600369
42,1,0,35.04299066
43,1,0,37.94401996
44,1,0,32.97874896
45,1,0,42.64762534
46,1,0,36.56719822
47,1,0,38.96066736
48,1,0,38.27095474
49,1,0,39.04641363
50,1,0,41.91983197
1,1,2,46.0165033
2,1,2,40.2595915
3,1,2,42.24234772
4,1,2,44.73527487
5,1,2,46.00157653
6,1,2,49.13823638
7,1,2,46.03514041
8,1,2,43.70675618
9,1,2,38.35922501
10,1,2,37.26201111
11,1,2,37.13083251
12,1,2,47.18573232
13,1,2,42.93009772
14,1,2,43.44674924
15,1,2,37.90313863
16,1,2,47.92789755
17,1,2,48.27063472
18,1,2,40.08226721
19,1,2,36.32282643
20,1,2,40.33122764
21,1,2,38.91144689
22,1,2,48.11106492
23,1,2,50.29551701
24,1,2,51.34238093
25,1,2,47.11104761
26,1,2,45.65384719
27,1,2,43.51052355
28,1,2,46.95763201
29,1,2,37.70877661
30,1,2,46.37946435
31,1,2,47.34813126
32,1,2,45.65217968
33,1,2,47.94987119
34,1,2,49.02016594
35,1,2,42.27415717
36,1,2,42.62587287
37,1,2,41.74893668
38,1,2,37.26427787
39,1,2,48.48196224
40,1,2,39.67168553
41,1,2,44.48705945
42,1,2,41.89371732
43,1,2,41.52744454
44,1,2,51.46398406
45,1,2,43.85442783
46,1,2,44.55565462
47,1,2,44.45835042
48,1,2,47.96682531
49,1,2,49.2415216
50,1,2,39.91166543
1,1,4,45.13209671
2,1,4,55.31476825
3,1,4,50.24288254
4,1,4,57.08676526
5,1,4,40.98415005
6,1,4,44.98510765
7,1,4,62.39396444
8,1,4,49.59693362
9,1,4,47.70303295
10,1,4,45.68525814
11,1,4,48.85966773
12,1,4,41.30732843
13,1,4,56.20002603
14,1,4,42.13670231
15,1,4,46.81537251
16,1,4,47.85469962
17,1,4,57.61004512
18,1,4,37.77580302
19,1,4,42.27980944
20,1,4,54.63168489
21,1,4,39.1965979
22,1,4,53.03190341
23,1,4,52.43165401
24,1,4,51.171414
25,1,4,47.72853504
26,1,4,48.11275326
27,1,4,49.40353386
28,1,4,52.84238574
29,1,4,48.1158965
30,1,4,66.20564744
31,1,4,54.37129821
32,1,4,45.44259524
33,1,4,57.53234794
34,1,4,39.58187099
35,1,4,50.31316699
36,1,4,49.71384091
37,1,4,46.83369
38,1,4,46.42763257
39,1,4,53.28641028
40,1,4,53.61407079
41,1,4,51.57444529
42,1,4,46.6775014
43,1,4,50.77290611
44,1,4,45.39970385
45,1,4,45.09053443
46,1,4,38.59124954
47,1,4,40.93464523
48,1,4,46.04646602
49,1,4,58.20508683
50,1,4,42.23501843
1,1,6,62.26464618
2,1,6,59.8242085
3,1,6,54.30349078
4,1,6,77.68793483
5,1,6,66.31020135
6,1,6,66.95936626
7,1,6,61.15175316
8,1,6,48.66453301
9,1,6,63.54972382
10,1,6,55.3881016
11,1,6,47.83182074
12,1,6,48.74660931
13,1,6,57.37028413
14,1,6,47.90721386
15,1,6,47.73609011
16,1,6,49.16758049
17,1,6,62.4482645
18,1,6,65.01291647
19,1,6,48.20419522
20,1,6,48.54192919
21,1,6,55.6042721
22,1,6,45.15205725
23,1,6,63.58336167
24,1,6,61.09608968
25,1,6,51.46095635
26,1,6,71.37645867
27,1,6,54.82179254
28,1,6,72.53305267
29,1,6,74.2577737
30,1,6,60.45491868
31,1,6,51.3754962
32,1,6,54.75572409
33,1,6,46.18774513
34,1,6,51.25455112
35,1,6,49.50668727
36,1,6,66.3608927
37,1,6,72.20345037
38,1,6,70.77813287
39,1,6,56.57134369
40,1,6,63.63830404
41,1,6,60.40097996
42,1,6,51.04039835
43,1,6,58.58345209
44,1,6,50.10602089
45,1,6,53.59640637
46,1,6,59.94660165
47,1,6,51.78881914
48,1,6,60.55506738
49,1,6,52.15170056
50,1,6,60.38329054
1,1,8,86.36657741
2,1,8,81.06944869
3,1,8,93.34673002
4,1,8,87.89561948
5,1,8,79.09187873
6,1,8,82.76662991
7,1,8,84.38535355
8,1,8,72.83187686
9,1,8,88.75085377
10,1,8,88.57368373
11,1,8,95.77277222
12,1,8,87.61381721
13,1,8,58.52362673
14,1,8,74.53333549
15,1,8,81.59323056
16,1,8,83.91437278
17,1,8,88.75457781
18,1,8,79.34748994
19,1,8,83.38285391
20,1,8,74.78107049
21,1,8,89.23113993
22,1,8,77.15931289
23,1,8,88.66146902
24,1,8,77.61441697
25,1,8,99.9666569
26,1,8,87.5560219
27,1,8,77.59016074
28,1,8,66.06407893
29,1,8,78.81683121
30,1,8,94.95234728
31,1,8,84.72018979
32,1,8,76.30529287
33,1,8,88.12319536
34,1,8,73.16961249
35,1,8,74.11287704
36,1,8,92.45805715
37,1,8,88.48377234
38,1,8,81.42232876
39,1,8,67.56830184
40,1,8,84.76695887
41,1,8,67.61846872
42,1,8,101.0987644
43,1,8,94.56541642
44,1,8,95.10705223
45,1,8,102.6238694
46,1,8,77.69378439
47,1,8,90.14527384
48,1,8,84.53406347
49,1,8,70.81241781
50,1,8,96.71779847
1,1,10,102.3104483
2,1,10,104.7950488
3,1,10,105.7811355
4,1,10,102.2273578
5,1,10,103.5356234
6,1,10,78.55593082
7,1,10,84.60719839
8,1,10,121.3414331
9,1,10,91.3078803
10,1,10,114.10244
11,1,10,104.5537262
12,1,10,118.605403
13,1,10,118.2719594
14,1,10,116.5909577
15,1,10,99.3705658
16,1,10,119.9479581
17,1,10,116.2581605
18,1,10,106.0173352
19,1,10,109.1726234
20,1,10,109.2480366
21,1,10,91.66010593
22,1,10,111.6352281
23,1,10,91.7870896
24,1,10,86.86768586
25,1,10,118.0721994
26,1,10,87.14900675
27,1,10,99.0338648
28,1,10,70.89078652
29,1,10,106.2109973
30,1,10,95.12727048
31,1,10,121.2243909
32,1,10,127.2527119
33,1,10,107.1820657
34,1,10,111.2634062
35,1,10,83.1611258
36,1,10,120.7600405
37,1,10,85.44166288
38,1,10,74.86515471
39,1,10,95.37888149
40,1,10,94.66650097
41,1,10,99.6240275
42,1,10,101.3233691
43,1,10,107.7526929
44,1,10,105.0018461
45,1,10,89.36850103
46,1,10,124.7232269
47,1,10,100.3887373
48,1,10,95.01545676
49,1,10,89.70405465
50,1,10,101.7371846
1,1,12,182.806622
2,1,12,159.2010669
3,1,12,136.4830424
4,1,12,82.32859542
5,1,12,133.6607251
6,1,12,151.9660745
7,1,12,105.2106476
8,1,12,119.0284684
9,1,12,134.2576405
10,1,12,105.6234651
11,1,12,111.5843866
12,1,12,121.4553932
13,1,12,130.5024326
14,1,12,137.5132328
15,1,12,106.032167
16,1,12,100.4617514
17,1,12,77.20496739
18,1,12,79.75812262
19,1,12,98.2576894
20,1,12,164.1087947
21,1,12,134.4038518
22,1,12,148.0016331
23,1,12,102.4633561
24,1,12,134.2616612
25,1,12,115.3863757
26,1,12,164.7614156
27,1,12,182.1911132
28,1,12,111.3142142
29,1,12,106.8046834
30,1,12,110.2770469
31,1,12,133.4505177
32,1,12,132.6593485
33,1,12,155.8350527
34,1,12,113.8588967
35,1,12,125.7999629
36,1,12,145.7177729
37,1,12,143.8508156
38,1,12,97.66111967
39,1,12,118.1783496
40,1,12,140.2178795
41,1,12,117.4436833
42,1,12,117.4913038
43,1,12,129.1201472
44,1,12,103.636573
45,1,12,154.4278829
46,1,12,150.6480681
47,1,12,126.8886559
48,1,12,103.597777
49,1,12,130.3366069
50,1,12,95.10288997
1,1,14,136.8994072
2,1,14,147.5192723
3,1,14,167.0794201
4,1,14,154.1435877
5,1,14,127.2225367
6,1,14,136.7193278
7,1,14,148.7337847
8,1,14,134.2922473
9,1,14,123.0036918
10,1,14,140.3983672
11,1,14,177.8367912
12,1,14,146.7243447
13,1,14,180.3144278
14,1,14,195.4063985
15,1,14,159.2420422
16,1,14,170.1667985
17,1,14,130.0513434
18,1,14,170.0140638
19,1,14,121.6880836
20,1,14,104.8887974
21,1,14,150.043725
22,1,14,146.6146742
23,1,14,171.1582809
24,1,14,102.7462941
25,1,14,150.0919511
26,1,14,161.5634155
27,1,14,121.6052306
28,1,14,163.3936252
29,1,14,151.5215435
30,1,14,150.3174416
31,1,14,169.5821066
32,1,14,191.4422587
33,1,14,149.9456376
34,1,14,165.5307597
35,1,14,200.3228542
36,1,14,130.1455568
37,1,14,152.2593761
38,1,14,172.8884276
39,1,14,108.5721804
40,1,14,141.0100526
41,1,14,137.7786842
42,1,14,144.8658009
43,1,14,196.4516463
44,1,14,132.8478486
45,1,14,141.2612245
46,1,14,182.8677997
47,1,14,187.1177772
48,1,14,127.3400628
49,1,14,117.337881
50,1,14,135.3267656
1,1,16,138.4107511
2,1,16,177.902379
3,1,16,222.7547555
4,1,16,154.1105477
5,1,16,208.5193909
6,1,16,122.3388957
7,1,16,181.3612442
8,1,16,129.3688438
9,1,16,188.6847597
10,1,16,141.5815412
11,1,16,189.5754189
12,1,16,191.7902866
13,1,16,138.2924124
14,1,16,205.4544968
15,1,16,173.0404796
16,1,16,164.0198795
17,1,16,197.9484264
18,1,16,223.3580966
19,1,16,133.3645817
20,1,16,177.7890372
21,1,16,159.0055613
22,1,16,158.5732167
23,1,16,176.997976
24,1,16,147.7978894
25,1,16,168.8363288
26,1,16,185.2310223
27,1,16,131.3929327
28,1,16,143.023134
29,1,16,162.5018896
30,1,16,150.7646981
31,1,16,112.3225123
32,1,16,144.5036684
33,1,16,190.5587243
34,1,16,142.28226
35,1,16,133.9441839
36,1,16,144.035069
37,1,16,220.9313975
38,1,16,168.4678899
39,1,16,151.0204704
40,1,16,205.6202776
41,1,16,175.8469091
42,1,16,176.8320116
43,1,16,185.5268851
44,1,16,135.7274057
45,1,16,158.3875483
46,1,16,210.0586278
47,1,16,126.522495
48,1,16,169.8418807
49,1,16,178.2671218
50,1,16,187.5722902
1,1,18,193.6417486
2,1,18,174.6027969
3,1,18,117.6727441
4,1,18,236.2052092
5,1,18,113.5064628
6,1,18,233.964696
7,1,18,200.7641902
8,1,18,148.5082969
9,1,18,218.5685113
10,1,18,166.4793742
11,1,18,232.4033989
12,1,18,179.83481
13,1,18,191.9846734
14,1,18,222.1515268
15,1,18,142.7410349
16,1,18,239.1488378
17,1,18,136.4905209
18,1,18,205.3537507
19,1,18,218.8007752
20,1,18,163.1483531
21,1,18,193.8685044
22,1,18,256.0099846
23,1,18,155.4209394
24,1,18,176.3103286
25,1,18,160.0497706
26,1,18,179.5628575
27,1,18,125.1155808
28,1,18,147.362426
29,1,18,201.6648311
30,1,18,163.5589687
31,1,18,169.5135227
32,1,18,167.631804
33,1,18,137.998268
34,1,18,146.5297638
35,1,18,183.8864825
36,1,18,180.135984
37,1,18,136.1502183
38,1,18,209.8853676
39,1,18,221.2545858
40,1,18,172.5582284
41,1,18,174.9330397
42,1,18,127.2696362
43,1,18,200.1847726
44,1,18,181.3667105
45,1,18,202.6484189
46,1,18,155.8598114
47,1,18,190.4194127
48,1,18,250.1565125
49,1,18,124.4153171
50,1,18,149.4388561
1,1,20,181.2789909
2,1,20,140.4630791
3,1,20,182.5316616
4,1,20,202.3679279
5,1,20,218.3783502
6,1,20,254.0151953
7,1,20,253.9852463
8,1,20,190.3629678
9,1,20,179.2601194
10,1,20,247.2544392
11,1,20,199.6327311
12,1,20,132.6984887
13,1,20,165.8324252
14,1,20,226.5806813
15,1,20,313.1418198
16,1,20,205.5962112
17,1,20,313.3564059
18,1,20,215.5980168
19,1,20,113.2996873
20,1,20,190.6904023
21,1,20,222.367997
22,1,20,246.8169174
23,1,20,229.6379552
24,1,20,149.0580978
25,1,20,146.5583959
26,1,20,193.6437097
27,1,20,185.6716084
28,1,20,296.9905986
29,1,20,170.5875143
30,1,20,299.8689885
31,1,20,164.2921054
32,1,20,194.6600207
33,1,20,197.3094642
34,1,20,170.3445049
35,1,20,236.2331501
36,1,20,259.6129606
37,1,20,252.877244
38,1,20,186.7493634
39,1,20,292.6065885
40,1,20,175.5136116
41,1,20,304.0109201
42,1,20,286.2442212
43,1,20,231.725025
44,1,20,233.8798162
45,1,20,194.7076837
46,1,20,206.5398787
47,1,20,203.8637067
48,1,20,142.6792942
49,1,20,189.9048886
50,1,20,205.8145108
1,2,0,41.94108778
2,2,0,43.94878395
3,2,0,40.66931063
4,2,0,44.2484122
5,2,0,41.83644142
6,2,0,47.36805015
7,2,0,41.47174091
8,2,0,45.7343666
9,2,0,43.15470227
10,2,0,39.86816639
11,2,0,40.81307936
12,2,0,44.50260572
13,2,0,45.35078573
14,2,0,42.4473879
15,2,0,44.06410843
16,2,0,42.03327176
17,2,0,44.81004068
18,2,0,41.66318159
19,2,0,43.26100981
20,2,0,44.71213889
21,2,0,43.82226797
22,2,0,42.91160462
23,2,0,45.19936915
24,2,0,45.85122684
25,2,0,40.78295935
26,2,0,42.46727278
27,2,0,45.20394884
28,2,0,43.01263428
29,2,0,46.66727654
30,2,0,39.62950878
31,2,0,42.24369491
32,2,0,44.03553622
33,2,0,43.94214538
34,2,0,41.52342436
35,2,0,40.16443752
36,2,0,43.11686803
37,2,0,42.16044181
38,2,0,42.48782616
39,2,0,43.59965878
40,2,0,44.35725924
41,2,0,42.78162551
42,2,0,42.06486053
43,2,0,44.20519398
44,2,0,40.94834276
45,2,0,47.01603201
46,2,0,45.20177442
47,2,0,41.85339022
48,2,0,46.04159257
49,2,0,43.58963327
50,2,0,46.30606868
1,2,2,59.19427231
2,2,2,50.9195917
3,2,2,52.80435701
4,2,2,46.85814963
5,2,2,56.59229621
6,2,2,58.39267585
7,2,2,56.74324487
8,2,2,59.83744877
9,2,2,57.42343846
10,2,2,55.80655601
11,2,2,59.71639448
12,2,2,58.67040961
13,2,2,58.77219705
14,2,2,55.78599305
15,2,2,51.20709543
16,2,2,56.84771128
17,2,2,54.14652686
18,2,2,55.52710508
19,2,2,49.85197312
20,2,2,52.67270593
21,2,2,47.07680518
22,2,2,57.29519924
23,2,2,55.03644289
24,2,2,57.75717809
25,2,2,51.49744744
26,2,2,60.23530314
27,2,2,60.27846637
28,2,2,64.70102557
29,2,2,54.08072363
30,2,2,56.19368735
31,2,2,60.47492825
32,2,2,54.76613616
33,2,2,56.40873251
34,2,2,58.49816165
35,2,2,61.44161738
36,2,2,54.08679678
37,2,2,52.00635609
38,2,2,57.27767654
39,2,2,53.70863331
40,2,2,58.77876196
41,2,2,54.29698621
42,2,2,47.3143516
43,2,2,53.33643028
44,2,2,58.43786718
45,2,2,57.85334665
46,2,2,48.43565064
47,2,2,54.63753883
48,2,2,48.4797997
49,2,2,61.81858317
50,2,2,52.74386202
1,2,4,62.44152413
2,2,4,58.18724103
3,2,4,59.21310062
4,2,4,57.85691421
5,2,4,53.27174988
6,2,4,65.75252677
7,2,4,68.09933058
8,2,4,65.27084875
9,2,4,62.38467099
10,2,4,59.10788117
11,2,4,69.63546721
12,2,4,67.3915647
13,2,4,51.86100158
14,2,4,49.93939951
15,2,4,59.60479015
16,2,4,61.5074169
17,2,4,57.72637384
18,2,4,57.79177397
19,2,4,61.68418933
20,2,4,59.53234879
21,2,4,52.76042657
22,2,4,64.75994195
23,2,4,59.6317717
24,2,4,49.88825277
25,2,4,65.43901265
26,2,4,59.78280469
27,2,4,55.12609589
28,2,4,41.89540428
29,2,4,59.21928436
30,2,4,57.81764085
31,2,4,57.3451012
32,2,4,58.0645479
33,2,4,56.68770313
34,2,4,58.04792718
35,2,4,54.71805938
36,2,4,63.4447893
37,2,4,60.7896773
38,2,4,61.16074701
39,2,4,58.35585614
40,2,4,55.15283213
41,2,4,58.2713637
42,2,4,60.11668125
43,2,4,60.68886446
44,2,4,49.01052044
45,2,4,65.72479451
46,2,4,65.81704224
47,2,4,63.81580864
48,2,4,50.6549097
49,2,4,57.5285275
50,2,4,64.08943267
1,2,6,58.15765017
2,2,6,85.04992769
3,2,6,62.66763971
4,2,6,65.51110962
5,2,6,78.51091612
6,2,6,69.57805852
7,2,6,72.57327624
8,2,6,68.23395365
9,2,6,58.10973719
10,2,6,76.54619374
11,2,6,61.15363593
12,2,6,68.67731278
13,2,6,66.56963169
14,2,6,60.20921046
15,2,6,72.91036308
16,2,6,70.34663898
17,2,6,88.63991431
18,2,6,73.83997917
19,2,6,60.06980989
20,2,6,69.70520735
21,2,6,62.20394573
22,2,6,67.83353074
23,2,6,72.54922366
24,2,6,60.43878809
25,2,6,71.36541997
26,2,6,61.47163982
27,2,6,62.0028882
28,2,6,62.10823593
29,2,6,67.02323741
30,2,6,76.61782811
31,2,6,68.42631682
32,2,6,64.96653461
33,2,6,74.74081154
34,2,6,74.00408306
35,2,6,52.16238931
36,2,6,75.30573248
37,2,6,62.1619614
38,2,6,65.42169834
39,2,6,76.22056579
40,2,6,63.18189041
41,2,6,64.81701996
42,2,6,66.75171024
43,2,6,66.56713766
44,2,6,67.82035576
45,2,6,65.74900769
46,2,6,76.12401875
47,2,6,65.4437342
48,2,6,67.45429202
49,2,6,69.93775606
50,2,6,72.27627872
1,2,8,84.53236337
2,2,8,91.03473312
3,2,8,95.98807311
4,2,8,102.5019452
5,2,8,67.31291346
6,2,8,93.96603506
7,2,8,85.61801903
8,2,8,90.2479411
9,2,8,93.78481437
10,2,8,87.99500581
11,2,8,88.89023647
12,2,8,85.76301202
13,2,8,103.8367229
14,2,8,100.2958589
15,2,8,91.86184703
16,2,8,107.7947429
17,2,8,90.7052572
18,2,8,87.37312748
19,2,8,84.63096199
20,2,8,95.44664024
21,2,8,90.74654427
22,2,8,87.07375312
23,2,8,123.4960273
24,2,8,116.4390668
25,2,8,103.623962
26,2,8,92.52707059
27,2,8,96.34753556
28,2,8,98.3599013
29,2,8,96.48228916
30,2,8,90.93194438
31,2,8,98.1193987
32,2,8,92.74039968
33,2,8,109.4913704
34,2,8,96.79614292
35,2,8,91.45486305
36,2,8,98.8731782
37,2,8,82.41646299
38,2,8,90.57849232
39,2,8,102.8057554
40,2,8,87.2527269
41,2,8,88.99716847
42,2,8,105.7872501
43,2,8,94.86337746
44,2,8,91.88418262
45,2,8,93.94461704
46,2,8,82.41665143
47,2,8,108.7878905
48,2,8,87.06319118
49,2,8,87.08046787
50,2,8,107.8023427
1,2,10,92.71010431
2,2,10,109.8784465
3,2,10,113.9447923
4,2,10,107.7155088
5,2,10,103.7077775
6,2,10,99.6971571
7,2,10,102.693726
8,2,10,94.93056184
9,2,10,125.3404105
10,2,10,119.4884912
11,2,10,143.3916198
12,2,10,122.1739265
13,2,10,124.8411777
14,2,10,105.9734059
15,2,10,104.2057665
16,2,10,94.30403452
17,2,10,69.22060628
18,2,10,115.2388582
19,2,10,92.60872651
20,2,10,94.14349673
21,2,10,124.1511846
22,2,10,100.3514022
23,2,10,100.2801165
24,2,10,91.00388496
25,2,10,101.5542508
26,2,10,91.97811825
27,2,10,102.5611886
28,2,10,99.0957062
29,2,10,134.4319707
30,2,10,120.4429279
31,2,10,91.34022678
32,2,10,130.6559409
33,2,10,87.24134502
34,2,10,104.2135026
35,2,10,110.6188585
36,2,10,105.9215374
37,2,10,112.9880518
38,2,10,106.5075745
39,2,10,123.7470669
40,2,10,59.03135026
41,2,10,129.9929427
42,2,10,93.71779747
43,2,10,171.9813943
44,2,10,110.3102323
45,2,10,124.1496854
46,2,10,122.7997566
47,2,10,108.1266563
48,2,10,115.2844851
49,2,10,113.6964203
50,2,10,114.0168107
1,2,12,156.9598699
2,2,12,158.8958452
3,2,12,132.944935
4,2,12,173.2032142
5,2,12,145.8018644
6,2,12,158.6126501
7,2,12,80.30708568
8,2,12,142.5574799
9,2,12,160.0124614
10,2,12,131.98566
11,2,12,127.6659104
12,2,12,125.3453758
13,2,12,116.537471
14,2,12,113.6557161
15,2,12,130.5372945
16,2,12,165.16665
17,2,12,147.3948345
18,2,12,98.6408379
19,2,12,132.0164967
20,2,12,160.2227948
21,2,12,133.0913433
22,2,12,121.3992762
23,2,12,116.1248477
24,2,12,148.7787473
25,2,12,140.2056877
26,2,12,145.0368664
27,2,12,122.5649169
28,2,12,98.4343329
29,2,12,117.527938
30,2,12,168.1827341
31,2,12,185.2217109
32,2,12,118.4338575
33,2,12,141.64586
34,2,12,136.6751155
35,2,12,167.6392298
36,2,12,139.520732
37,2,12,131.643132
38,2,12,149.8063144
39,2,12,99.2702039
40,2,12,104.4658184
41,2,12,100.3640053
42,2,12,139.2122437
43,2,12,121.9507198
44,2,12,133.6017961
45,2,12,116.4706433
46,2,12,140.3218449
47,2,12,142.86478
48,2,12,104.7987226
49,2,12,137.891241
50,2,12,138.7425553
1,2,14,161.7094885
2,2,14,168.9369024
3,2,14,200.7913973
4,2,14,116.5563572
5,2,14,129.3377356
6,2,14,131.5677495
7,2,14,153.8369073
8,2,14,127.2827705
9,2,14,171.1942536
10,2,14,172.3316316
11,2,14,149.8273478
12,2,14,168.8904823
13,2,14,160.6164677
14,2,14,165.4708054
15,2,14,137.1171692
16,2,14,165.0617217
17,2,14,159.008974
18,2,14,193.9215338
19,2,14,129.9586332
20,2,14,122.9889799
21,2,14,216.7643876
22,2,14,102.610467
23,2,14,141.1620847
24,2,14,130.5341325
25,2,14,168.7885666
26,2,14,169.0281398
27,2,14,187.1270866
28,2,14,188.4887002
29,2,14,180.6299165
30,2,14,163.2548111
31,2,14,123.8185981
32,2,14,175.5398079
33,2,14,175.9462713
34,2,14,154.79545
35,2,14,176.5325225
36,2,14,171.709243
37,2,14,155.5989637
38,2,14,195.9731214
39,2,14,167.2636377
40,2,14,190.951422
41,2,14,168.6355266
42,2,14,138.5054496
43,2,14,186.1458839
44,2,14,172.0154531
45,2,14,141.0977578
46,2,14,183.7498809
47,2,14,157.4391634
48,2,14,159.069187
49,2,14,148.9586213
50,2,14,141.798155
1,2,16,173.5932991
2,2,16,199.4388109
3,2,16,160.7769895
4,2,16,157.3071544
5,2,16,227.116809
6,2,16,165.1081848
7,2,16,198.2948844
8,2,16,157.1266701
9,2,16,214.396919
10,2,16,232.7312069
11,2,16,196.2101872
12,2,16,130.5899481
13,2,16,199.8339819
14,2,16,221.6394772
15,2,16,158.125059
16,2,16,143.2155317
17,2,16,197.8953939
18,2,16,182.5258138
19,2,16,211.753354
20,2,16,198.3902189
21,2,16,157.4878062
22,2,16,137.1950928
23,2,16,156.0643829
24,2,16,146.8836296
25,2,16,191.0026156
26,2,16,210.9831218
27,2,16,244.540478
28,2,16,150.7724096
29,2,16,176.8132099
30,2,16,203.5526353
31,2,16,181.9861243
32,2,16,179.5228894
33,2,16,178.7325685
34,2,16,163.9868761
35,2,16,154.0510262
36,2,16,178.0032471
37,2,16,187.8545472
38,2,16,202.3651018
39,2,16,222.8118982
40,2,16,174.1263749
41,2,16,190.2524333
42,2,16,241.4920877
43,2,16,187.276054
44,2,16,142.030184
45,2,16,224.1875978
46,2,16,146.9809201
47,2,16,199.3788387
48,2,16,142.7548539
49,2,16,152.5858337
50,2,16,197.6644369
1,2,18,191.993384
2,2,18,241.4030634
3,2,18,271.3013345
4,2,18,199.6054455
5,2,18,239.4173737
6,2,18,223.4223423
7,2,18,162.0435005
8,2,18,284.5510621
9,2,18,244.7897558
10,2,18,249.3760577
11,2,18,205.097915
12,2,18,149.105642
13,2,18,200.0383294
14,2,18,169.3227935
15,2,18,197.0570023
16,2,18,183.1816628
17,2,18,168.6762429
18,2,18,219.4286662
19,2,18,212.9391006
20,2,18,269.5573407
21,2,18,248.5595774
22,2,18,217.8098249
23,2,18,273.8753799
24,2,18,212.7221779
25,2,18,177.4133908
26,2,18,219.4586167
27,2,18,162.4836984
28,2,18,161.8049566
29,2,18,177.4940443
30,2,18,121.4253583
31,2,18,222.2265588
32,2,18,134.1949069
33,2,18,239.469529
34,2,18,194.7124553
35,2,18,182.8617303
36,2,18,241.1905136
37,2,18,234.1486089
38,2,18,185.9654437
39,2,18,200.3419234
40,2,18,196.4463124
41,2,18,184.8826332
42,2,18,201.5202096
43,2,18,253.8624771
44,2,18,191.8507706
45,2,18,250.546293
46,2,18,215.4776901
47,2,18,247.459365
48,2,18,231.7968545
49,2,18,202.4958996
50,2,18,216.9358671
1,2,20,141.8493992
2,2,20,215.5440609
3,2,20,203.7869849
4,2,20,230.730609
5,2,20,314.5531401
6,2,20,195.0451585
7,2,20,223.2538032
8,2,20,207.1312369
9,2,20,254.7121425
10,2,20,281.2580801
11,2,20,244.935698
12,2,20,159.6092671
13,2,20,241.9372363
14,2,20,162.4043318
15,2,20,164.9381988
16,2,20,135.9087042
17,2,20,345.4911933
18,2,20,247.4630387
19,2,20,188.5562309
20,2,20,246.5224275
21,2,20,179.9584462
22,2,20,243.130147
23,2,20,172.3453585
24,2,20,231.7148414
25,2,20,244.8344386
26,2,20,234.7296652
27,2,20,204.8777335
28,2,20,181.0633663
29,2,20,208.7012167
30,2,20,207.3073879
31,2,20,281.1228488
32,2,20,219.3984616
33,2,20,237.7152844
34,2,20,169.9372195
35,2,20,180.8875103
36,2,20,194.4800211
37,2,20,179.1814749
38,2,20,245.636822
39,2,20,242.5920609
40,2,20,274.902363
41,2,20,227.735216
42,2,20,177.5158484
43,2,20,204.9752266
44,2,20,230.0336172
45,2,20,213.4736341
46,2,20,233.7880521
47,2,20,267.102356
48,2,20,244.0933817
49,2,20,200.3867837
50,2,20,191.4513155
1,3,0,49.40883327
2,3,0,46.40879008
3,3,0,44.86685733
4,3,0,47.5197672
5,3,0,52.76692255
6,3,0,51.77176194
7,3,0,46.23239909
8,3,0,48.61260617
9,3,0,46.51280716
10,3,0,46.01279676
11,3,0,47.85973768
12,3,0,48.81792119
13,3,0,48.55253906
14,3,0,47.65977321
15,3,0,49.71765198
16,3,0,46.55198575
17,3,0,48.08874476
18,3,0,44.42937213
19,3,0,46.65796511
20,3,0,44.3990913
21,3,0,47.24603424
22,3,0,48.12362186
23,3,0,47.84299369
24,3,0,43.48269495
25,3,0,48.92533084
26,3,0,49.64748378
27,3,0,49.98440696
28,3,0,47.15091944
29,3,0,48.55007454
30,3,0,44.74873776
31,3,0,49.94352139
32,3,0,47.12510231
33,3,0,52.47006891
34,3,0,51.60195145
35,3,0,47.215227
36,3,0,46.11175896
37,3,0,50.69263451
38,3,0,48.20665996
39,3,0,49.40955302
40,3,0,46.25876936
41,3,0,44.6774154
42,3,0,45.9075733
43,3,0,48.94335096
44,3,0,47.69428497
45,3,0,50.85307502
46,3,0,47.98166482
47,3,0,49.25234455
48,3,0,49.13683364
49,3,0,47.17217732
50,3,0,46.97871077
1,3,2,50.84326847
2,3,2,53.04658001
3,3,2,53.64857119
4,3,2,51.07672541
5,3,2,51.79175619
6,3,2,49.07478054
7,3,2,50.60815736
8,3,2,52.84652764
9,3,2,50.14770973
10,3,2,51.26329569
11,3,2,57.20366122
12,3,2,58.35622072
13,3,2,60.37880673
14,3,2,54.48030563
15,3,2,55.31125637
16,3,2,57.92216399
17,3,2,50.39131086
18,3,2,43.85472849
19,3,2,54.93169516
20,3,2,61.36279365
21,3,2,49.84296287
22,3,2,52.80830339
23,3,2,53.62778547
24,3,2,49.73968752
25,3,2,51.14768754
26,3,2,52.01374138
27,3,2,49.84926858
28,3,2,53.10890558
29,3,2,52.19851695
30,3,2,58.46215307
31,3,2,46.71704588
32,3,2,54.62662451
33,3,2,59.99694856
34,3,2,51.73582889
35,3,2,57.75202047
36,3,2,51.46232547
37,3,2,50.06293151
38,3,2,56.76243275
39,3,2,55.13697563
40,3,2,53.8619742
41,3,2,54.00537742
42,3,2,49.85325697
43,3,2,53.87958045
44,3,2,57.27878078
45,3,2,53.81779457
46,3,2,45.71449282
47,3,2,58.07960898
48,3,2,52.3364492
49,3,2,60.65722518
50,3,2,56.27398036
1,3,4,58.26041536
2,3,4,64.22725396
3,3,4,68.48250434
4,3,4,51.58564315
5,3,4,50.52594519
6,3,4,65.85211587
7,3,4,68.56722995
8,3,4,54.84335123
9,3,4,57.50897241
10,3,4,57.34052692
11,3,4,52.96111731
12,3,4,59.25764267
13,3,4,50.71173259
14,3,4,61.47674655
15,3,4,64.98606194
16,3,4,54.60051859
17,3,4,58.43355577
18,3,4,61.27594166
19,3,4,59.7392266
20,3,4,63.42179119
21,3,4,55.95487723
22,3,4,47.42762985
23,3,4,70.08514649
24,3,4,60.96634946
25,3,4,59.2288676
26,3,4,60.89452385
27,3,4,48.53488816
28,3,4,62.93573875
29,3,4,48.50396659
30,3,4,53.40024075
31,3,4,59.59053306
32,3,4,53.8931711
33,3,4,58.31930774
34,3,4,64.98831883
35,3,4,55.44973368
36,3,4,57.55510569
37,3,4,59.35285187
38,3,4,48.35898302
39,3,4,56.48815908
40,3,4,55.00324166
41,3,4,54.40169816
42,3,4,60.61327831
43,3,4,59.76832577
44,3,4,58.72345907
45,3,4,61.20138172
46,3,4,62.38409026
47,3,4,62.97776967
48,3,4,69.95143553
49,3,4,59.5642995
50,3,4,49.55887608
1,3,6,62.93995952
2,3,6,71.1003467
3,3,6,58.7985019
4,3,6,71.44009746
5,3,6,61.00688386
6,3,6,75.65704689
7,3,6,75.32096894
8,3,6,74.63351822
9,3,6,64.26067373
10,3,6,65.330997
11,3,6,72.50578085
12,3,6,74.17586381
13,3,6,51.24951332
14,3,6,72.47155859
15,3,6,77.59999593
16,3,6,59.1576552
17,3,6,40.83689515
18,3,6,71.93488786
19,3,6,69.38642358
20,3,6,63.74436399
21,3,6,60.21166508
22,3,6,82.32752755
23,3,6,65.21883152
24,3,6,77.39292496
25,3,6,71.53810468
26,3,6,68.0278002
27,3,6,55.84244229
28,3,6,49.61691902
29,3,6,57.12796393
30,3,6,81.88981628
31,3,6,72.05287258
32,3,6,81.96773826
33,3,6,66.46621591
34,3,6,71.82490697
35,3,6,74.18838158
36,3,6,62.67419993
37,3,6,68.70954728
38,3,6,62.84927971
39,3,6,65.06211868
40,3,6,75.86803762
41,3,6,71.28265709
42,3,6,70.66003941
43,3,6,64.53084366
44,3,6,75.05537209
45,3,6,57.35422973
46,3,6,70.96722148
47,3,6,68.57928372
48,3,6,53.15367518
49,3,6,62.40383063
50,3,6,74.30419338
1,3,8,84.52519887
2,3,8,86.53629429
3,3,8,84.59757604
4,3,8,89.6047398
5,3,8,89.67159435
6,3,8,81.43440417
7,3,8,95.91243815
8,3,8,99.3311158
9,3,8,92.1118474
10,3,8,88.93288088
11,3,8,82.01404827
12,3,8,95.03594093
13,3,8,83.80642232
14,3,8,90.40990405
15,3,8,87.24535269
16,3,8,97.1697949
17,3,8,97.29491737
18,3,8,90.66450612
19,3,8,73.6137701
20,3,8,91.89876035
21,3,8,88.87269525
22,3,8,85.15754387
23,3,8,103.386208
24,3,8,88.53358546
25,3,8,92.18454107
26,3,8,95.83375432
27,3,8,87.90194976
28,3,8,85.74683352
29,3,8,83.63886603
30,3,8,100.6694155
31,3,8,90.8364342
32,3,8,105.3134528
33,3,8,94.16823358
34,3,8,92.99726965
35,3,8,110.0765703
36,3,8,87.30378919
37,3,8,86.08267008
38,3,8,92.68439604
39,3,8,81.23861089
40,3,8,85.35748831
41,3,8,97.04217543
42,3,8,60.63852106
43,3,8,96.15167154
44,3,8,69.45459748
45,3,8,96.32568004
46,3,8,97.49778324
47,3,8,96.72933503
48,3,8,90.2710661
49,3,8,88.84327574
50,3,8,108.1043942
1,3,10,114.5360372
2,3,10,111.2538875
3,3,10,118.8814563
4,3,10,118.7207182
5,3,10,123.4890022
6,3,10,105.6420797
7,3,10,91.80291573
8,3,10,119.1021107
9,3,10,93.3066688
10,3,10,112.8560722
11,3,10,100.744209
12,3,10,105.0682337
13,3,10,108.5588517
14,3,10,91.2081679
15,3,10,105.5455162
16,3,10,93.46446207
17,3,10,88.44699588
18,3,10,98.1863544
19,3,10,109.1570973
20,3,10,77.22281102
21,3,10,118.6804555
22,3,10,99.9942382
23,3,10,111.3038693
24,3,10,127.8363732
25,3,10,113.8332073
26,3,10,86.65464658
27,3,10,86.56146744
28,3,10,91.77337512
29,3,10,103.974511
30,3,10,114.1301547
31,3,10,134.5043922
32,3,10,80.22449236
33,3,10,104.4083639
34,3,10,91.06188363
35,3,10,114.9836996
36,3,10,135.3344028
37,3,10,97.4683599
38,3,10,129.4345286
39,3,10,123.2270933
40,3,10,132.5647004
41,3,10,142.1182794
42,3,10,125.2256519
43,3,10,111.1064548
44,3,10,143.6378613
45,3,10,109.7238664
46,3,10,131.3467649
47,3,10,132.0543962
48,3,10,81.82262709
49,3,10,95.43598508
50,3,10,89.42527528
1,3,12,143.9857754
2,3,12,124.6537613
3,3,12,113.925095
4,3,12,186.71297
5,3,12,153.2462944
6,3,12,172.3685771
7,3,12,126.6275968
8,3,12,112.5003187
9,3,12,125.9450749
10,3,12,137.7076761
11,3,12,146.2711768
12,3,12,156.3230836
13,3,12,168.8539898
14,3,12,92.14964995
15,3,12,113.1813754
16,3,12,126.3353158
17,3,12,136.2472857
18,3,12,140.1554826
19,3,12,117.295625
20,3,12,154.0448798
21,3,12,140.4203622
22,3,12,134.6398869
23,3,12,83.62184176
24,3,12,146.7995448
25,3,12,130.7581551
26,3,12,142.4695276
27,3,12,137.0513752
28,3,12,125.9201263
29,3,12,158.9404804
30,3,12,101.0585622
31,3,12,131.09997
32,3,12,126.0742863
33,3,12,131.2082353
34,3,12,125.398172
35,3,12,134.724185
36,3,12,159.8682559
37,3,12,126.1960018
38,3,12,140.8035003
39,3,12,165.4266673
40,3,12,113.7402835
41,3,12,130.331161
42,3,12,154.0620981
43,3,12,123.3068163
44,3,12,139.8797896
45,3,12,117.1351175
46,3,12,125.6539641
47,3,12,144.0182556
48,3,12,118.4036026
49,3,12,131.4621938
50,3,12,132.1392507
1,3,14,176.9183965
2,3,14,194.8657703
3,3,14,121.861544
4,3,14,146.8359583
5,3,14,120.1642833
6,3,14,184.6146771
7,3,14,197.9538094
8,3,14,155.7559837
9,3,14,172.3682728
10,3,14,179.2687845
11,3,14,158.7011515
12,3,14,142.8223476
13,3,14,191.4859964
14,3,14,140.9025836
15,3,14,164.9176899
16,3,14,134.7730305
17,3,14,171.6480412
18,3,14,161.6049074
19,3,14,136.0492666
20,3,14,144.8263569
21,3,14,148.6633506
22,3,14,180.4245315
23,3,14,163.4356806
24,3,14,165.3713138
25,3,14,151.5004017
26,3,14,158.9089097
27,3,14,145.5406356
28,3,14,132.9853697
29,3,14,166.0963966
30,3,14,157.8747607
31,3,14,142.7914298
32,3,14,140.4484392
33,3,14,175.6700082
34,3,14,153.5969284
35,3,14,188.4623745
36,3,14,185.8695931
37,3,14,140.9693912
38,3,14,135.673209
39,3,14,218.4403889
40,3,14,136.3859753
41,3,14,193.9653608
42,3,14,139.6575928
43,3,14,137.9962947
44,3,14,119.6540483
45,3,14,178.7688271
46,3,14,165.1649526
47,3,14,147.5011292
48,3,14,139.93861
49,3,14,148.038944
50,3,14,203.4431081
1,3,16,194.9335272
2,3,16,177.9376965
3,3,16,159.2802749
4,3,16,227.2950498
5,3,16,215.659335
6,3,16,164.1436134
7,3,16,198.9789355
8,3,16,166.1255546
9,3,16,209.2734941
10,3,16,145.0285917
11,3,16,180.3570567
12,3,16,156.9124569
13,3,16,134.3989319
14,3,16,179.0242871
15,3,16,202.2895926
16,3,16,197.3544622
17,3,16,208.8510689
18,3,16,141.3982835
19,3,16,154.5952979
20,3,16,165.6793022
21,3,16,158.9880916
22,3,16,205.6463801
23,3,16,234.4796478
24,3,16,206.476314
25,3,16,154.7965137
26,3,16,167.8664901
27,3,16,214.6907215
28,3,16,210.7102825
29,3,16,153.8332945
30,3,16,158.4506293
31,3,16,145.2136936
32,3,16,160.6169909
33,3,16,142.7329853
34,3,16,202.7980861
35,3,16,185.0607227
36,3,16,139.5731732
37,3,16,169.8041049
38,3,16,187.4875038
39,3,16,161.5706372
40,3,16,196.3076728
41,3,16,187.0417051
42,3,16,206.7652586
43,3,16,158.0267932
44,3,16,164.3736967
45,3,16,158.8805402
46,3,16,139.6281917
47,3,16,97.84060212
48,3,16,175.6945363
49,3,16,212.8460708
50,3,16,172.4189436
1,3,18,229.5217196
2,3,18,209.0543667
3,3,18,171.3560582
4,3,18,260.7019888
5,3,18,199.8153777
6,3,18,215.2714337
7,3,18,205.6241541
8,3,18,183.0454407
9,3,18,169.5480675
10,3,18,186.4724581
11,3,18,226.8883511
12,3,18,224.1860368
13,3,18,181.7402794
14,3,18,228.073573
15,3,18,191.0965185
16,3,18,247.636813
17,3,18,203.9149675
18,3,18,233.911834
19,3,18,221.0691604
20,3,18,228.1066993
21,3,18,153.4749703
22,3,18,207.4132309
23,3,18,226.513325
24,3,18,174.612114
25,3,18,191.8542376
26,3,18,271.025681
27,3,18,186.628277
28,3,18,181.5325485
29,3,18,154.8934326
30,3,18,171.0431649
31,3,18,200.1922446
32,3,18,248.6293764
33,3,18,175.5458605
34,3,18,255.0341824
35,3,18,187.9640675
36,3,18,187.689419
37,3,18,133.1933762
38,3,18,182.0642869
39,3,18,162.0652602
40,3,18,247.0723934
41,3,18,221.0009756
42,3,18,165.774216
43,3,18,271.4297399
44,3,18,196.1859649
45,3,18,198.7309966
46,3,18,221.729256
47,3,18,164.950542
48,3,18,256.1101647
49,3,18,201.2031969
50,3,18,131.3672305
1,3,20,210.6635215
2,3,20,252.8316419
3,3,20,224.9907774
4,3,20,208.957742
5,3,20,194.1874451
6,3,20,254.1014056
7,3,20,141.7247873
8,3,20,84.85456957
9,3,20,306.5151784
10,3,20,241.5981271
11,3,20,176.3454536
12,3,20,222.1911003
13,3,20,180.7415871
14,3,20,253.3080054
15,3,20,243.4355781
16,3,20,235.4528867
17,3,20,253.195721
18,3,20,215.0058681
19,3,20,310.5815313
20,3,20,273.9847668
21,3,20,287.7362208
22,3,20,177.5781803
23,3,20,173.4964217
24,3,20,277.4091717
25,3,20,129.6738006
26,3,20,111.9673357
27,3,20,158.1785564
28,3,20,152.0858728
29,3,20,236.2321066
30,3,20,219.9737739
31,3,20,163.9125904
32,3,20,102.5296994
33,3,20,229.001637
34,3,20,195.5892084
35,3,20,191.5549006
36,3,20,292.1174125
37,3,20,201.3333984
38,3,20,259.5310281
39,3,20,229.0772696
40,3,20,188.1625512
41,3,20,209.8078734
42,3,20,204.1166052
43,3,20,195.1671163
44,3,20,229.4072514
45,3,20,142.1626412
46,3,20,182.5766996
47,3,20,196.7574386
48,3,20,262.2930549
49,3,20,164.0914177
50,3,20,242.4411295
1,4,0,53.59143139
2,4,0,55.24102357
3,4,0,55.12322782
4,4,0,51.6568389
5,4,0,52.66725131
6,4,0,50.87665136
7,4,0,56.27161622
8,4,0,54.4058029
9,4,0,56.54339532
10,4,0,54.59997512
11,4,0,54.20973562
12,4,0,54.94785158
13,4,0,50.02752578
14,4,0,57.67103964
15,4,0,52.88563026
16,4,0,54.251575
17,4,0,54.74324364
18,4,0,54.63707879
19,4,0,51.51953365
20,4,0,54.39875447
21,4,0,49.25633015
22,4,0,54.41099822
23,4,0,54.70420448
24,4,0,53.85939513
25,4,0,58.02993422
26,4,0,51.91605322
27,4,0,55.89156227
28,4,0,50.07258077
29,4,0,49.06823296
30,4,0,53.56611624
31,4,0,53.04436808
32,4,0,53.10534715
33,4,0,54.40802983
34,4,0,53.05941853
35,4,0,51.89818978
36,4,0,52.29774727
37,4,0,50.25396648
38,4,0,51.97243918
39,4,0,50.59228626
40,4,0,54.48479615
41,4,0,55.81454399
42,4,0,53.90984076
43,4,0,52.10628845
44,4,0,51.84532698
45,4,0,54.38257548
46,4,0,55.7037243
47,4,0,55.2277291
48,4,0,52.46805633
49,4,0,52.39054732
50,4,0,51.26009812
1,4,2,54.59317501
2,4,2,56.73822901
3,4,2,65.43375415
4,4,2,59.74789283
5,4,2,55.52684659
6,4,2,57.65494318
7,4,2,58.36459951
8,4,2,58.80170341
9,4,2,54.88330296
10,4,2,60.50616534
11,4,2,62.60114464
12,4,2,65.03475868
13,4,2,53.48280897
14,4,2,54.98818644
15,4,2,52.41437437
16,4,2,61.50895206
17,4,2,53.81318654
18,4,2,58.0045704
19,4,2,58.34607558
20,4,2,56.3510492
21,4,2,51.26795619
22,4,2,65.93405233
23,4,2,62.15765809
24,4,2,60.57662396
25,4,2,61.66947213
26,4,2,57.64928083
27,4,2,58.37955082
28,4,2,62.32636923
29,4,2,57.88711231
30,4,2,58.98632714
31,4,2,59.32673342
32,4,2,67.1941133
33,4,2,55.9430588
34,4,2,57.93846104
35,4,2,58.6053646
36,4,2,63.59916179
37,4,2,56.29376484
38,4,2,58.88313027
39,4,2,55.55962641
40,4,2,58.94862947
41,4,2,60.72676106
42,4,2,51.74705895
43,4,2,54.08755951
44,4,2,64.18548157
45,4,2,61.55130603
46,4,2,61.23197021
47,4,2,48.9227606
48,4,2,55.60795515
49,4,2,58.90770898
50,4,2,58.52908322
1,4,4,68.58961838
2,4,4,66.21817475
3,4,4,69.22180079
4,4,4,62.45754549
5,4,4,57.2837351
6,4,4,48.41184871
7,4,4,71.1911652
8,4,4,55.3558113
9,4,4,66.19398394
10,4,4,57.44701699
11,4,4,71.42106933
12,4,4,59.8942377
13,4,4,58.09999617
14,4,4,54.64596344
15,4,4,70.23166561
16,4,4,65.21477449
17,4,4,62.85085044
18,4,4,60.65213578
19,4,4,69.07719826
20,4,4,59.36973629
21,4,4,65.25159232
22,4,4,74.61421614
23,4,4,64.63971927
24,4,4,64.98741822
25,4,4,51.27512883
26,4,4,70.53229383
27,4,4,67.97167814
28,4,4,52.92929367
29,4,4,51.06250821
30,4,4,60.82485603
31,4,4,55.70185676
32,4,4,60.35842869
33,4,4,60.67288418
34,4,4,69.46892139
35,4,4,62.80313429
36,4,4,54.72491928
37,4,4,62.30484458
38,4,4,60.63847868
39,4,4,60.97743714
40,4,4,62.76075865
41,4,4,53.35108636
42,4,4,56.67707813
43,4,4,68.00253298
44,4,4,59.89269155
45,4,4,64.19525117
46,4,4,66.67273843
47,4,4,67.30465237
48,4,4,62.7603759
49,4,4,63.44942094
50,4,4,61.36211165
1,4,6,75.01495685
2,4,6,72.0015234
3,4,6,66.47116818
4,4,6,82.61229477
5,4,6,68.85696221
6,4,6,55.3924495
7,4,6,78.25525542
8,4,6,85.18934062
9,4,6,54.14425165
10,4,6,61.87090073
11,4,6,87.39508338
12,4,6,85.74349649
13,4,6,74.32425817
14,4,6,82.32682352
15,4,6,81.6732909
16,4,6,54.84854875
17,4,6,86.56508063
18,4,6,67.41258642
19,4,6,59.46912852
20,4,6,74.19491892
21,4,6,77.36815953
22,4,6,72.3727331
23,4,6,73.209806
24,4,6,84.88632966
25,4,6,68.92522693
26,4,6,76.0146967
27,4,6,57.36194701
28,4,6,67.15585969
29,4,6,78.4523778
30,4,6,79.66137223
31,4,6,75.80451175
32,4,6,82.98481896
33,4,6,77.03702165
34,4,6,77.14127185
35,4,6,73.23874907
36,4,6,73.28000958
37,4,6,64.8613841
38,4,6,75.08126879
39,4,6,73.49998351
40,4,6,62.65895573
41,4,6,82.1846045
42,4,6,79.63838943
43,4,6,80.63833562
44,4,6,67.77526629
45,4,6,66.65266492
46,4,6,68.68096616
47,4,6,79.31956865
48,4,6,69.98599604
49,4,6,79.54429854
50,4,6,83.45405293
1,4,8,107.8405792
2,4,8,112.9714357
3,4,8,94.79203253
4,4,8,97.62970054
5,4,8,103.126993
6,4,8,82.61931894
7,4,8,99.1575915
8,4,8,85.31191668
9,4,8,102.4853476
10,4,8,105.9710108
11,4,8,107.0946278
12,4,8,119.1337965
13,4,8,90.34978633
14,4,8,93.84890382
15,4,8,90.05465275
16,4,8,96.43409772
17,4,8,106.5225948
18,4,8,111.156175
19,4,8,93.03657113
20,4,8,102.7390761
21,4,8,89.62876455
22,4,8,73.04834684
23,4,8,96.73841904
24,4,8,103.2947381
25,4,8,108.87239
26,4,8,101.1558352
27,4,8,121.6001474
28,4,8,102.3934486
29,4,8,66.38902096
30,4,8,109.8451208
31,4,8,109.006469
32,4,8,95.90302841
33,4,8,109.7540424
34,4,8,100.0714668
35,4,8,104.1099942
36,4,8,94.08654943
37,4,8,99.1008073
38,4,8,92.71518193
39,4,8,110.1264971
40,4,8,108.6112867
41,4,8,119.7590506
42,4,8,100.770181
43,4,8,119.1616941
44,4,8,103.2371055
45,4,8,95.30403646
46,4,8,98.8250742
47,4,8,107.1018386
48,4,8,93.77906024
49,4,8,102.6689251
50,4,8,106.6985386
1,4,10,119.607602
2,4,10,108.3058045
3,4,10,105.8324921
4,4,10,112.6428359
5,4,10,86.37260481
6,4,10,113.3414327
7,4,10,93.98456149
8,4,10,100.073368
9,4,10,97.70991727
10,4,10,111.3285904
11,4,10,121.6668801
12,4,10,140.1695893
13,4,10,116.0174794
14,4,10,102.6902111
15,4,10,125.2068545
16,4,10,113.0312332
17,4,10,114.5436915
18,4,10,120.7585586
19,4,10,120.1804281
20,4,10,106.2339007
21,4,10,112.8764349
22,4,10,100.755437
23,4,10,133.2279938
24,4,10,110.1292575
25,4,10,107.9265981
26,4,10,98.9967906
27,4,10,110.1018528
28,4,10,110.6685259
29,4,10,114.912468
30,4,10,107.2822633
31,4,10,92.7809225
32,4,10,111.0077391
33,4,10,122.9129689
34,4,10,102.5553459
35,4,10,119.6370604
36,4,10,142.7211201
37,4,10,110.7173872
38,4,10,100.836297
39,4,10,127.9050896
40,4,10,112.5734837
41,4,10,118.2548558
42,4,10,127.4411965
43,4,10,92.86914755
44,4,10,132.4818741
45,4,10,114.522402
46,4,10,110.7897601
47,4,10,88.29079276
48,4,10,76.66954714
49,4,10,136.570754
50,4,10,122.9631784
1,4,12,143.575024
2,4,12,138.1911811
3,4,12,119.5801668
4,4,12,131.5934677
5,4,12,174.3147625
6,4,12,154.3971748
7,4,12,136.4780861
8,4,12,112.604826
9,4,12,144.2321432
10,4,12,113.5708434
11,4,12,133.8821518
12,4,12,175.5605327
13,4,12,94.64575879
14,4,12,138.8653815
15,4,12,117.939976
16,4,12,117.0392059
17,4,12,151.6362773
18,4,12,119.7249029
19,4,12,132.9514824
20,4,12,138.2837899
21,4,12,126.5972233
22,4,12,147.2692869
23,4,12,145.5316553
24,4,12,113.9577868
25,4,12,134.0538511
26,4,12,140.1897607
27,4,12,150.7882856
28,4,12,154.5340579
29,4,12,129.2527406
30,4,12,126.0804355
31,4,12,145.9143535
32,4,12,157.2723803
33,4,12,123.9645923
34,4,12,125.2200679
35,4,12,103.9149942
36,4,12,137.3112276
37,4,12,128.7470464
38,4,12,153.9423351
39,4,12,170.8551542
40,4,12,107.3207456
41,4,12,132.8164953
42,4,12,135.1311416
43,4,12,144.6998159
44,4,12,141.6267236
45,4,12,159.5239031
46,4,12,153.6417482
47,4,12,128.0405777
48,4,12,149.4989711
49,4,12,140.0722816
50,4,12,118.266437
1,4,14,192.5012034
2,4,14,185.5022626
3,4,14,157.8517948
4,4,14,184.7288741
5,4,14,175.4102968
6,4,14,174.6014668
7,4,14,122.4900315
8,4,14,185.7359617
9,4,14,146.9736699
10,4,14,144.3772641
11,4,14,177.622506
12,4,14,151.3591697
13,4,14,121.5429322
14,4,14,167.1621754
15,4,14,151.6155576
16,4,14,150.4916081
17,4,14,143.3095185
18,4,14,129.9564718
19,4,14,165.9347207
20,4,14,147.9377557
21,4,14,182.4675423
22,4,14,136.3481793
23,4,14,184.8036744
24,4,14,153.2289463
25,4,14,166.6382853
26,4,14,157.8914746
27,4,14,166.0589108
28,4,14,126.2636092
29,4,14,170.850472
30,4,14,148.7851871
31,4,14,164.147654
32,4,14,170.4861035
33,4,14,145.1068485
34,4,14,199.5385138
35,4,14,147.4600895
36,4,14,183.4172536
37,4,14,216.6945781
38,4,14,181.6571781
39,4,14,156.4847988
40,4,14,166.8794681
41,4,14,156.9921294
42,4,14,164.0856128
43,4,14,165.330229
44,4,14,156.6376999
45,4,14,147.9565835
46,4,14,153.9266666
47,4,14,148.7007836
48,4,14,154.3429693
49,4,14,197.5428958
50,4,14,213.7459855
1,4,16,141.1418812
2,4,16,207.2375623
3,4,16,149.6398432
4,4,16,133.8258215
5,4,16,195.05098
6,4,16,178.039613
7,4,16,211.6751012
8,4,16,178.6781936
9,4,16,190.7892795
10,4,16,225.8309676
11,4,16,164.3984435
12,4,16,164.1560105
13,4,16,194.1636721
14,4,16,143.9962121
15,4,16,194.5736163
16,4,16,174.7559042
17,4,16,95.20643954
18,4,16,174.1739385
19,4,16,171.003687
20,4,16,173.2594339
21,4,16,221.6690237
22,4,16,167.831997
23,4,16,147.9589324
24,4,16,174.6959406
25,4,16,195.369946
26,4,16,150.0143396
27,4,16,169.6979082
28,4,16,203.8583198
29,4,16,206.4446269
30,4,16,178.4835636
31,4,16,196.5670079
32,4,16,119.0672039
33,4,16,158.5238095
34,4,16,145.390371
35,4,16,160.8352674
36,4,16,173.9685376
37,4,16,200.965037
38,4,16,162.142251
39,4,16,161.8463933
40,4,16,190.3072835
41,4,16,189.1067137
42,4,16,242.6666751
43,4,16,213.0349676
44,4,16,197.5064903
45,4,16,172.3843917
46,4,16,187.3780174
47,4,16,145.7149588
48,4,16,228.8435683
49,4,16,232.6622239
50,4,16,156.6784023
1,4,18,185.1875913
2,4,18,165.149174
3,4,18,209.7214684
4,4,18,229.1160246
5,4,18,257.0581559
6,4,18,266.7495032
7,4,18,200.3123344
8,4,18,241.6132433
9,4,18,182.4794715
10,4,18,197.8401813
11,4,18,204.699918
12,4,18,215.4495817
13,4,18,211.7360586
14,4,18,184.4966546
15,4,18,206.3013789
16,4,18,227.0341631
17,4,18,217.701706
18,4,18,243.7751971
19,4,18,181.5011773
20,4,18,111.4213012
21,4,18,242.3137904
22,4,18,174.201984
23,4,18,186.6136131
24,4,18,256.7234476
25,4,18,162.9684827
26,4,18,212.9517709
27,4,18,191.3379501
28,4,18,210.4197098
29,4,18,266.586264
30,4,18,196.5565376
31,4,18,116.6999563
32,4,18,230.6118106
33,4,18,195.8793958
34,4,18,192.0761311
35,4,18,240.569402
36,4,18,256.6958109
37,4,18,163.341866
38,4,18,255.3280194
39,4,18,194.974344
40,4,18,250.5576005
41,4,18,185.8938414
42,4,18,161.9602935
43,4,18,278.8873582
44,4,18,234.0540464
45,4,18,200.59042
46,4,18,238.1354105
47,4,18,214.5456315
48,4,18,161.8788945
49,4,18,181.6308537
50,4,18,215.4274277
1,4,20,291.6080858
2,4,20,206.7338604
3,4,20,241.3252684
4,4,20,191.3743623
5,4,20,250.2546377
6,4,20,248.4392063
7,4,20,202.1343867
8,4,20,228.8807995
9,4,20,200.6158619
10,4,20,186.3121056
11,4,20,293.5888816
12,4,20,202.0373118
13,4,20,120.1335524
14,4,20,120.1406606
15,4,20,233.9457553
16,4,20,252.5135659
17,4,20,118.6070947
18,4,20,265.2399581
19,4,20,240.9629357
20,4,20,301.3039877
21,4,20,186.7782822
22,4,20,176.0558019
23,4,20,140.9043948
24,4,20,207.5574314
25,4,20,231.83513
26,4,20,204.8458321
27,4,20,199.1268599
28,4,20,308.501239
29,4,20,306.3115504
30,4,20,271.4851075
31,4,20,213.2744826
32,4,20,210.2389946
33,4,20,165.0821657
34,4,20,222.8753272
35,4,20,251.059144
36,4,20,243.608969
37,4,20,249.9377353
38,4,20,150.9841603
39,4,20,212.4196493
40,4,20,324.0421667
41,4,20,233.0050451
42,4,20,226.6689489
43,4,20,200.0022204
44,4,20,179.6218503
45,4,20,234.3088576
46,4,20,225.0696124
47,4,20,180.9903939
48,4,20,209.2955741
49,4,20,286.2179758
50,4,20,147.3078017